<?xml version="1.0" encoding="UTF-8"?>
<project-private xmlns="http://www.netbeans.org/ns/project-private/1">
    <editor-bookmarks xmlns="http://www.netbeans.org/ns/editor-bookmarks/2" lastBookmarkId="12">
        <file>
            <url>src/AppRegistroCivil/Personas.java</url>
            <bookmark id="2">
                <name/>
                <line>26</line>
                <key/>
            </bookmark>
            <bookmark id="4">
                <name/>
                <line>193</line>
                <key/>
            </bookmark>
            <bookmark id="1">
                <name/>
                <line>248</line>
                <key/>
            </bookmark>
        </file>
        <file>
            <url>src/GUI_RegistroCivil/Buscar_Nacimiento.java</url>
            <bookmark id="10">
                <name/>
                <line>472</line>
                <key/>
            </bookmark>
        </file>
        <file>
            <url>src/GUI_RegistroCivil/Pantalla_Principal.java</url>
            <bookmark id="12">
                <name/>
                <line>65</line>
                <key/>
            </bookmark>
            <bookmark id="8">
                <name/>
                <line>191</line>
                <key/>
            </bookmark>
            <bookmark id="11">
                <name/>
                <line>469</line>
                <key/>
            </bookmark>
        </file>
        <file>
            <url>src/GUI_RegistroCivil/AppOpciones.java</url>
            <bookmark id="5">
                <name/>
                <line>177</line>
                <key/>
            </bookmark>
            <bookmark id="7">
                <name/>
                <line>296</line>
                <key/>
            </bookmark>
            <bookmark id="6">
                <name/>
                <line>326</line>
                <key/>
            </bookmark>
        </file>
        <file>
            <url>src/GUI_RegistroCivil/Registrar_Nacimiento.java</url>
            <bookmark id="9">
                <name/>
                <line>349</line>
                <key/>
            </bookmark>
        </file>
    </editor-bookmarks>
    <open-files xmlns="http://www.netbeans.org/ns/projectui-open-files/2">
        <group>
            <file>file:/C:/Users/Jean/Documents/NetBeansProjects/RegistroCivil/src/colecciones/Ciudadano.java</file>
            <file>file:/C:/Users/Jean/Documents/NetBeansProjects/RegistroCivil/src/GUI_RegistroCivil/Pantalla_Principal.java</file>
            <file>file:/C:/Users/Jean/Documents/NetBeansProjects/RegistroCivil/src/utilidades/MenuOpciones.java</file>
            <file>file:/C:/Users/Jean/Documents/NetBeansProjects/RegistroCivil/src/GUI_RegistroCivil/Cantidad_Nacidos.java</file>
            <file>file:/C:/Users/Jean/Documents/NetBeansProjects/RegistroCivil/src/colecciones/Poblacion.java</file>
            <file>file:/C:/Users/Jean/Documents/NetBeansProjects/RegistroCivil/src/colecciones/Extranjero.java</file>
            <file>file:/C:/Users/Jean/Documents/NetBeansProjects/RegistroCivil/src/GUI_RegistroCivil/Registrar_Extranjero.java</file>
            <file>file:/C:/Users/Jean/Documents/NetBeansProjects/RegistroCivil/src/GUI_RegistroCivil/Buscar_Ciudadano.java</file>
            <file>file:/C:/Users/Jean/Documents/NetBeansProjects/RegistroCivil/src/Enums/Visa.java</file>
            <file>file:/C:/Users/Jean/Documents/NetBeansProjects/RegistroCivil/src/GUI_RegistroCivil/Registrar_Matrimonio.java</file>
            <file>file:/C:/Users/Jean/Documents/NetBeansProjects/RegistroCivil/src/GUI_RegistroCivil/Registrar_Nacimiento.java</file>
            <file>file:/C:/Users/Jean/Documents/NetBeansProjects/RegistroCivil/src/GUI_RegistroCivil/Buscar_Ciudadano_Parientes.java</file>
        </group>
    </open-files>
</project-private>
